31646,3-gatsu no Lion,TV,22,0,0,,,[my_rated: null],0,[my_dvd: null],[my_storage: null],Plan to Watch,,0,0,[my_tags: null],0,0,0
11759,Accel World,TV,24,0,0,,,[my_rated: null],0,[my_dvd: null],[my_storage: null],On-Hold,,0,0,[my_tags: null],0,0,0
34881,Aho Girl,TV,12,0,0,,,[my_rated: null],0,[my_dvd: null],[my_storage: null],Plan to Watch,,0,0,[my_tags: null],0,0,0
53,Ai Yori Aoshi,TV,24,0,0,,,[my_rated: null],0,[my_dvd: null],[my_storage: null],Plan to Watch,,0,0,[my_tags: null],0,0,0
2163,AIKa R-16: Virgin Mission,OVA,3,0,0,,,[my_rated: null],0,[my_dvd: null],[my_storage: null],On-Hold,,0,0,[my_tags: null],0,0,0
857,Air Gear,TV,25,0,0,,,[my_rated: null],0,[my_dvd: null],[my_storage: null],Plan to Watch,,0,0,[my_tags: null],0,0,0
32015,Ajin OVA,OVA,2,0,1,,,[my_rated: null],0,[my_dvd: null],[my_storage: null],Watching,,0,0,[my_tags: null],0,0,0
30370,Akatsuki no Yona OVA,OVA,3,0,1,,,[my_rated: null],8,[my_dvd: null],[my_storage: null],Watching,,0,0,[my_tags: null],0,0,0
34051,Akiba's Trip The Animation,TV,13,0,4,,,[my_rated: null],0,[my_dvd: null],[my_storage: null],Watching,,0,0,[my_tags: null],0,0,0
19429,Akuma no Riddle,TV,12,0,0,,,[my_rated: null],0,[my_dvd: null],[my_storage: null],Plan to Watch,,0,0,[my_tags: null],0,0,0
31588,All Out!!,TV,25,0,0,,,[my_rated: null],0,[my_dvd: null],[my_storage: null],Plan to Watch,,0,0,[my_tags: null],0,0,0
8676,Amagami SS,TV,25,0,0,,,[my_rated: null],0,[my_dvd: null],[my_storage: null],Plan to Watch,,0,0,[my_tags: null],0,0,0
11235,Amagami SS+ Plus,TV,13,0,0,,,[my_rated: null],0,[my_dvd: null],[my_storage: null],Plan to Watch,,0,0,[my_tags: null],0,0,0
28981,Ame-iro Cocoa,TV,12,0,0,,,[my_rated: null],0,[my_dvd: null],[my_storage: null],Dropped,,0,0,[my_tags: null],0,0,0
24531,Ane Log: Moyako Neesan no Tomaranai Monologue,OVA,3,0,0,,,[my_rated: null],0,[my_dvd: null],[my_storage: null],Plan to Watch,,0,0,[my_tags: null],0,0,0
31519,Anitore! EX,TV,12,0,0,,,[my_rated: null],0,[my_dvd: null],[my_storage: null],Plan to Watch,,0,0,[my_tags: null],0,0,0
9989,Ano Hi Mita Hana no Namae wo Bokutachi wa Mada Shiranai.,TV,11,0,0,,,[my_rated: null],0,[my_dvd: null],[my_storage: null],Plan to Watch,,0,0,[my_tags: null],0,0,0
11433,Ano Natsu de Matteru,TV,12,0,0,,,[my_rated: null],0,[my_dvd: null],[my_storage: null],Plan to Watch,,0,0,[my_tags: null],0,0,0
21995,Ao Haru Ride,TV,12,0,0,,,[my_rated: null],0,[my_dvd: null],[my_storage: null],Plan to Watch,,0,0,[my_tags: null],0,0,0
18893,Aoki Hagane no Arpeggio: Ars Nova,TV,12,0,0,,,[my_rated: null],0,[my_dvd: null],[my_storage: null],Plan to Watch,,0,0,[my_tags: null],0,0,0
9074,Arakawa Under the Bridge x Bridge,TV,13,0,0,,,[my_rated: null],0,[my_dvd: null],[my_storage: null],Plan to Watch,,0,0,[my_tags: null],0,0,0
16518,Arata Kangatari,TV,12,0,0,,,[my_rated: null],0,[my_dvd: null],[my_storage: null],Plan to Watch,,0,0,[my_tags: null],0,0,0
12967,Arcana Famiglia,TV,12,0,0,,,[my_rated: null],0,[my_dvd: null],[my_storage: null],Plan to Watch,,0,0,[my_tags: null],0,0,0
477,Aria The Animation,TV,13,0,0,,,[my_rated: null],0,[my_dvd: null],[my_storage: null],Plan to Watch,,0,0,[my_tags: null],0,0,0
3297,Aria The Origination,TV,13,0,0,,,[my_rated: null],0,[my_dvd: null],[my_storage: null],Plan to Watch,,0,0,[my_tags: null],0,0,0
33254,Arslan Senki (TV) OVA,OVA,2,0,1,,,[my_rated: null],0,[my_dvd: null],[my_storage: null],Watching,,0,0,[my_tags: null],0,0,0
9736,Astarotte no Omocha!,TV,12,0,0,,,[my_rated: null],0,[my_dvd: null],[my_storage: null],Plan to Watch,,0,0,[my_tags: null],0,0,0
4999,Asu no Yoichi!,TV,12,0,0,,,[my_rated: null],0,[my_dvd: null],[my_storage: null],Plan to Watch,,0,0,[my_tags: null],0,0,0
2251,Baccano!,TV,13,0,0,,,[my_rated: null],0,[my_dvd: null],[my_storage: null],Plan to Watch,,0,0,[my_tags: null],0,0,0
6347,Baka to Test to Shoukanjuu,TV,13,0,0,,,[my_rated: null],0,[my_dvd: null],[my_storage: null],Plan to Watch,,0,0,[my_tags: null],0,0,0
24641,Baku Ane: Otouto Shibocchau zo! The Animation,OVA,1,0,0,,,[my_rated: null],0,[my_dvd: null],[my_storage: null],Dropped,,0,0,[my_tags: null],0,0,0
7674,Bakuman.,TV,25,0,0,,,[my_rated: null],0,[my_dvd: null],[my_storage: null],Plan to Watch,,0,0,[my_tags: null],0,0,0
67,Basilisk: Kouga Ninpou Chou,TV,24,0,0,,,[my_rated: null],0,[my_dvd: null],[my_storage: null],Plan to Watch,,0,0,[my_tags: null],0,0,0
5675,Basquash!,TV,26,0,0,,,[my_rated: null],0,[my_dvd: null],[my_storage: null],Plan to Watch,,0,0,[my_tags: null],0,0,0
57,Beck,TV,26,0,0,,,[my_rated: null],0,[my_dvd: null],[my_storage: null],Plan to Watch,,0,0,[my_tags: null],0,0,0
34055,Berserk 2nd Season,TV,12,0,0,,,[my_rated: null],0,[my_dvd: null],[my_storage: null],Plan to Watch,,0,0,[my_tags: null],0,0,0
33712,Bikini Warriors OVA,OVA,5,0,1,,,[my_rated: null],0,[my_dvd: null],[my_storage: null],Watching,,0,0,[my_tags: null],0,0,0
13535,Binbougami ga!,TV,13,0,0,,,[my_rated: null],0,[my_dvd: null],[my_storage: null],On-Hold,,0,0,[my_tags: null],0,0,0
1498,Black Blood Brothers,TV,12,0,0,,,[my_rated: null],0,[my_dvd: null],[my_storage: null],Plan to Watch,,0,0,[my_tags: null],0,0,0
34572,Black Clover,TV,0,0,32,,,[my_rated: null],0,[my_dvd: null],[my_storage: null],Watching,,0,0,[my_tags: null],0,0,0
11633,Blood Lad,TV,10,0,0,,,[my_rated: null],0,[my_dvd: null],[my_storage: null],Plan to Watch,,0,0,[my_tags: null],0,0,0
150,Blood+,TV,50,0,0,,,[my_rated: null],0,[my_dvd: null],[my_storage: null],Plan to Watch,,0,0,[my_tags: null],0,0,0
10490,Blood-C,TV,12,0,0,,,[my_rated: null],0,[my_dvd: null],[my_storage: null],Plan to Watch,,0,0,[my_tags: null],0,0,0
405,Blood: The Last Vampire,Movie,1,0,0,,,[my_rated: null],0,[my_dvd: null],[my_storage: null],Plan to Watch,,0,0,[my_tags: null],0,0,0
36456,Boku no Hero Academia 3rd Season,TV,25,0,7,,,[my_rated: null],0,[my_dvd: null],[my_storage: null],Watching,,0,0,[my_tags: null],0,0,0
21405,Bokura wa Minna Kawai-sou,TV,12,0,0,,,[my_rated: null],0,[my_dvd: null],[my_storage: null],On-Hold,,0,0,[my_tags: null],0,0,0
357,Bokusatsu Tenshi Dokuro-chan,OVA,4,0,0,,,[my_rated: null],0,[my_dvd: null],[my_storage: null],Plan to Watch,,0,0,[my_tags: null],0,0,0
4177,Bounen no Xamdou,ONA,26,0,0,,,[my_rated: null],0,[my_dvd: null],[my_storage: null],Plan to Watch,,0,0,[my_tags: null],0,0,0
11241,Brave 10,TV,12,0,0,,,[my_rated: null],0,[my_dvd: null],[my_storage: null],Plan to Watch,,0,0,[my_tags: null],0,0,0
22433,Break Blade,TV,12,0,0,,,[my_rated: null],0,[my_dvd: null],[my_storage: null],Plan to Watch,,0,0,[my_tags: null],0,0,0
33771,Cheating Craft,TV,12,0,3,,,[my_rated: null],0,[my_dvd: null],[my_storage: null],On-Hold,,0,0,[my_tags: null],0,0,0
10800,Chihayafuru,TV,25,0,0,,,[my_rated: null],0,[my_dvd: null],[my_storage: null],Plan to Watch,,0,0,[my_tags: null],0,0,0
16157,Choujigen Game Neptune The Animation,TV,12,0,0,,,[my_rated: null],0,[my_dvd: null],[my_storage: null],Plan to Watch,,0,0,[my_tags: null],0,0,0
60,Chrno Crusade,TV,24,0,0,,,[my_rated: null],0,[my_dvd: null],[my_storage: null],Plan to Watch,,0,0,[my_tags: null],0,0,0
14741,Chuunibyou demo Koi ga Shitai!,TV,12,0,0,,,[my_rated: null],0,[my_dvd: null],[my_storage: null],On-Hold,,0,0,[my_tags: null],0,0,0
1818,Claymore,TV,26,0,0,,,[my_rated: null],0,[my_dvd: null],[my_storage: null],Plan to Watch,,0,0,[my_tags: null],0,0,0
15037,Corpse Party: Tortured Souls - Bougyakusareta Tamashii no Jukyou,OVA,4,0,0,,,[my_rated: null],0,[my_dvd: null],[my_storage: null],Plan to Watch,,0,0,[my_tags: null],0,0,0
17397,Cyclops Shoujo Saipuu,ONA,12,0,0,,,[my_rated: null],0,[my_dvd: null],[my_storage: null],Plan to Watch,,0,0,[my_tags: null],0,0,0
62,D.C.: Da Capo,TV,26,0,0,,,[my_rated: null],0,[my_dvd: null],[my_storage: null],Plan to Watch,,0,0,[my_tags: null],0,0,0
12549,Dakara Boku wa, H ga Dekinai.,TV,12,0,0,,,[my_rated: null],0,[my_dvd: null],[my_storage: null],On-Hold,,0,0,[my_tags: null],0,0,0
6747,Dance in the Vampire Bund,TV,12,0,0,,,[my_rated: null],0,[my_dvd: null],[my_storage: null],Plan to Watch,,0,0,[my_tags: null],0,0,0
16592,Danganronpa: Kibou no Gakuen to Zetsubou no Koukousei The Animation,TV,13,0,2,,,[my_rated: null],0,[my_dvd: null],[my_storage: null],Dropped,,0,0,[my_tags: null],0,0,0
8915,Dantalian no Shoka,TV,12,0,0,,,[my_rated: null],0,[my_dvd: null],[my_storage: null],Plan to Watch,,0,0,[my_tags: null],0,0,0
24031,Denki-gai no Honya-san,TV,12,0,0,,,[my_rated: null],0,[my_dvd: null],[my_storage: null],Plan to Watch,,0,0,[my_tags: null],0,0,0
9379,Denpa Onna to Seishun Otoko,TV,12,0,0,,,[my_rated: null],0,[my_dvd: null],[my_storage: null],Plan to Watch,,0,0,[my_tags: null],0,0,0
8086,Densetsu no Yuusha no Densetsu,TV,24,0,0,,,[my_rated: null],0,[my_dvd: null],[my_storage: null],Plan to Watch,,0,0,[my_tags: null],0,0,0
30694,Dragon Ball Super,TV,131,0,69,,,[my_rated: null],0,[my_dvd: null],[my_storage: null],Dropped,,0,0,[my_tags: null],0,0,0
31339,Drifters,TV,12,0,0,,,[my_rated: null],0,[my_dvd: null],[my_storage: null],Plan to Watch,,0,0,[my_tags: null],0,0,0
32887,Dungeon ni Deai wo Motomeru no wa Machigatteiru Darou ka Gaiden: Sword Oratoria,TV,12,0,1,,,[my_rated: null],0,[my_dvd: null],[my_storage: null],On-Hold,,0,0,[my_tags: null],0,0,0
2030,El Cazador de la Bruja,TV,26,0,0,,,[my_rated: null],0,[my_dvd: null],[my_storage: null],Plan to Watch,,0,0,[my_tags: null],0,0,0
226,Elfen Lied,TV,13,0,0,,,[my_rated: null],0,[my_dvd: null],[my_storage: null],Plan to Watch,,0,0,[my_tags: null],0,0,0
2759,Evangelion: 1.0 You Are (Not) Alone,Movie,1,0,0,,,[my_rated: null],0,[my_dvd: null],[my_storage: null],Dropped,,0,0,[my_tags: null],0,0,0
33456,Fate/kaleid liner Prisma☆Illya 3rei!! Specials,Special,6,0,2,,,[my_rated: null],0,[my_dvd: null],[my_storage: null],Watching,,0,0,[my_tags: null],0,0,0
31376,Flying Witch,TV,12,0,0,,,[my_rated: null],0,[my_dvd: null],[my_storage: null],Plan to Watch,,0,0,[my_tags: null],0,0,0
32948,Fune wo Amu,TV,11,0,0,,,[my_rated: null],0,[my_dvd: null],[my_storage: null],Plan to Watch,,0,0,[my_tags: null],0,0,0
17267,Futari wa Milky Holmes,TV,12,0,0,,,[my_rated: null],0,[my_dvd: null],[my_storage: null],Plan to Watch,,0,0,[my_tags: null],0,0,0
22189,Futsuu no Joshikousei ga [Locodol] Yattemita.,TV,12,0,1,,,[my_rated: null],0,[my_dvd: null],[my_storage: null],On-Hold,,0,0,[my_tags: null],0,0,0
21821,Fuuun Ishin Dai☆Shogun,TV,12,0,0,,,[my_rated: null],0,[my_dvd: null],[my_storage: null],Plan to Watch,,0,0,[my_tags: null],0,0,0
4725,Ga-Rei: Zero,TV,12,0,0,,,[my_rated: null],0,[my_dvd: null],[my_storage: null],Plan to Watch,,0,0,[my_tags: null],0,0,0
384,Gantz,TV,13,0,0,,,[my_rated: null],0,[my_dvd: null],[my_storage: null],On-Hold,,0,0,[my_tags: null],0,0,0
34213,Getsuyoubi no Tawawa,ONA,12,0,0,,,[my_rated: null],0,[my_dvd: null],[my_storage: null],On-Hold,,0,0,[my_tags: null],0,0,0
32607,Gi(a)rlish Number,TV,12,0,0,,,[my_rated: null],0,[my_dvd: null],[my_storage: null],Plan to Watch,,0,0,[my_tags: null],0,0,0
16918,Gin no Saji,TV,11,0,0,,,[my_rated: null],0,[my_dvd: null],[my_storage: null],Plan to Watch,,0,0,[my_tags: null],0,0,0
15863,Ginga Kikoutai Majestic Prince,TV,24,0,0,,,[my_rated: null],0,[my_dvd: null],[my_storage: null],Plan to Watch,,0,0,[my_tags: null],0,0,0
918,Gintama,TV,201,0,0,,,[my_rated: null],0,[my_dvd: null],[my_storage: null],Dropped,,0,0,[my_tags: null],0,0,0
24855,Girlfriend (Kari),TV,12,0,0,,,[my_rated: null],0,[my_dvd: null],[my_storage: null],Plan to Watch,,0,0,[my_tags: null],0,0,0
14131,Girls & Panzer,TV,12,0,0,,,[my_rated: null],0,[my_dvd: null],[my_storage: null],Plan to Watch,,0,0,[my_tags: null],0,0,0
21431,Gokukoku no Brynhildr,TV,13,0,0,,,[my_rated: null],0,[my_dvd: null],[my_storage: null],Plan to Watch,,0,0,[my_tags: null],0,0,0
23251,Gugure! Kokkuri-san,TV,12,0,0,,,[my_rated: null],0,[my_dvd: null],[my_storage: null],Plan to Watch,,0,0,[my_tags: null],0,0,0
10793,Guilty Crown,TV,22,0,0,,,[my_rated: null],0,[my_dvd: null],[my_storage: null],Plan to Watch,,0,0,[my_tags: null],0,0,0
3002,Gyakkyou Burai Kaiji: Ultimate Survivor,TV,26,0,0,,,[my_rated: null],0,[my_dvd: null],[my_storage: null],Plan to Watch,,0,0,[my_tags: null],0,0,0
3299,H2O: Footprints in the Sand,TV,12,0,0,,,[my_rated: null],0,[my_dvd: null],[my_storage: null],Plan to Watch,,0,0,[my_tags: null],0,0,0
16,Hachimitsu to Clover,TV,24,0,0,,,[my_rated: null],0,[my_dvd: null],[my_storage: null],Plan to Watch,,0,0,[my_tags: null],0,0,0
387,Haibane Renmei,TV,13,0,0,,,[my_rated: null],0,[my_dvd: null],[my_storage: null],Plan to Watch,,0,0,[my_tags: null],0,0,0
25303,Haikyuu!!: Lev Genzan!,OVA,1,0,0,,,[my_rated: null],0,[my_dvd: null],[my_storage: null],Dropped,,0,0,[my_tags: null],0,0,0
11785,Haiyore! Nyaruko-san,TV,12,0,0,,,[my_rated: null],0,[my_dvd: null],[my_storage: null],Plan to Watch,,0,0,[my_tags: null],0,0,0
263,Hajime no Ippo,TV,75,0,0,,,[my_rated: null],0,[my_dvd: null],[my_storage: null],Plan to Watch,,0,0,[my_tags: null],0,0,0
6895,Hakuouki,TV,12,0,0,,,[my_rated: null],0,[my_dvd: null],[my_storage: null],Plan to Watch,,0,0,[my_tags: null],0,0,0
20689,Hamatora The Animation,TV,12,0,0,,,[my_rated: null],0,[my_dvd: null],[my_storage: null],Plan to Watch,,0,0,[my_tags: null],0,0,0
9289,Hanasaku Iroha,TV,26,0,0,,,[my_rated: null],0,[my_dvd: null],[my_storage: null],Plan to Watch,,0,0,[my_tags: null],0,0,0
32648,Handa-kun,TV,12,0,0,,,[my_rated: null],0,[my_dvd: null],[my_storage: null],Plan to Watch,,0,0,[my_tags: null],0,0,0
10187,HenSemi (TV),TV,13,0,0,,,[my_rated: null],0,[my_dvd: null],[my_storage: null],Plan to Watch,,0,0,[my_tags: null],0,0,0
15225,Hentai Ouji to Warawanai Neko.,TV,12,0,0,,,[my_rated: null],0,[my_dvd: null],[my_storage: null],Plan to Watch,,0,0,[my_tags: null],0,0,0
31988,Hibike! Euphonium 2,TV,13,0,0,,,[my_rated: null],0,[my_dvd: null],[my_storage: null],Plan to Watch,,0,0,[my_tags: null],0,0,0
5630,Higashi no Eden,TV,11,0,0,,,[my_rated: null],0,[my_dvd: null],[my_storage: null],Plan to Watch,,0,0,[my_tags: null],0,0,0
22835,Himegoto,TV,13,0,0,,,[my_rated: null],0,[my_dvd: null],[my_storage: null],Plan to Watch,,0,0,[my_tags: null],0,0,0
28825,Himouto! Umaru-chan,TV,12,0,0,,,[my_rated: null],0,[my_dvd: null],[my_storage: null],Plan to Watch,,0,0,[my_tags: null],0,0,0
36296,Hinamatsuri,TV,12,0,0,,,[my_rated: null],0,[my_dvd: null],[my_storage: null],Watching,,0,0,[my_tags: null],0,0,0
35333,Hitori no Shita: The Outcast 2nd Season,ONA,24,0,3,,,[my_rated: null],0,[my_dvd: null],[my_storage: null],Watching,,0,0,[my_tags: null],0,0,0
20853,Hitsugi no Chaika,TV,12,0,0,,,[my_rated: null],0,[my_dvd: null],[my_storage: null],Plan to Watch,,0,0,[my_tags: null],0,0,0
35075,Hoozuki no Reitetsu 2nd Season,TV,13,0,0,,,[my_rated: null],0,[my_dvd: null],[my_storage: null],Plan to Watch,,0,0,[my_tags: null],0,0,0
10079,Hoshizora e Kakaru Hashi,TV,12,0,0,,,[my_rated: null],0,[my_dvd: null],[my_storage: null],Plan to Watch,,0,0,[my_tags: null],0,0,0
10408,Hotarubi no Mori e,Movie,1,0,0,,,[my_rated: null],0,[my_dvd: null],[my_storage: null],Plan to Watch,,0,0,[my_tags: null],0,0,0
35557,Houseki no Kuni,TV,12,0,0,,,[my_rated: null],0,[my_dvd: null],[my_storage: null],Plan to Watch,,0,0,[my_tags: null],0,0,0
136,Hunter x Hunter,TV,62,0,33,,,[my_rated: null],0,[my_dvd: null],[my_storage: null],Dropped,,0,0,[my_tags: null],0,0,0
9996,Hyouge Mono,TV,39,0,0,,,[my_rated: null],0,[my_dvd: null],[my_storage: null],Plan to Watch,,0,0,[my_tags: null],0,0,0
12189,Hyouka,TV,22,0,0,,,[my_rated: null],0,[my_dvd: null],[my_storage: null],Plan to Watch,,0,0,[my_tags: null],0,0,0
1694,iDOLM@STER Xenoglossia,TV,26,0,0,,,[my_rated: null],0,[my_dvd: null],[my_storage: null],Plan to Watch,,0,0,[my_tags: null],0,0,0
34012,Isekai Shokudou,TV,12,0,0,,,[my_rated: null],0,[my_dvd: null],[my_storage: null],Plan to Watch,,0,0,[my_tags: null],0,0,0
35203,Isekai wa Smartphone to Tomo ni.,TV,12,0,0,,,[my_rated: null],0,[my_dvd: null],[my_storage: null],Plan to Watch,,0,0,[my_tags: null],0,0,0
21327,Isshuukan Friends.,TV,12,0,0,,,[my_rated: null],0,[my_dvd: null],[my_storage: null],Plan to Watch,,0,0,[my_tags: null],0,0,0
228,Jigoku Shoujo,TV,26,0,0,,,[my_rated: null],0,[my_dvd: null],[my_storage: null],On-Hold,,0,0,[my_tags: null],0,0,0
27747,Jokei Kazoku III: Himitsu - The Anime,OVA,1,0,0,,,[my_rated: null],0,[my_dvd: null],[my_storage: null],Watching,,0,0,[my_tags: null],0,0,0
12413,Jormungand,TV,12,0,0,,,[my_rated: null],0,[my_dvd: null],[my_storage: null],Plan to Watch,,0,0,[my_tags: null],0,0,0
3092,Junjou Romantica,TV,12,0,0,,,[my_rated: null],0,[my_dvd: null],[my_storage: null],Dropped,,0,0,[my_tags: null],0,0,0
35076,Juuni Taisen,TV,12,0,0,,,[my_rated: null],0,[my_dvd: null],[my_storage: null],Plan to Watch,,0,0,[my_tags: null],0,0,0
953,Jyu Oh Sei,TV,11,0,0,,,[my_rated: null],0,[my_dvd: null],[my_storage: null],Plan to Watch,,0,0,[my_tags: null],0,0,0
5680,K-On!,TV,13,0,0,,,[my_rated: null],0,[my_dvd: null],[my_storage: null],Plan to Watch,,0,0,[my_tags: null],0,0,0
16904,K: Missing Kings,Movie,1,0,0,,,[my_rated: null],0,[my_dvd: null],[my_storage: null],Dropped,,0,0,[my_tags: null],0,0,0
7054,Kaichou wa Maid-sama!,TV,26,0,0,,,[my_rated: null],0,[my_dvd: null],[my_storage: null],Plan to Watch,,0,0,[my_tags: null],0,0,0
16668,Kakumeiki Valvrave,TV,12,0,0,,,[my_rated: null],0,[my_dvd: null],[my_storage: null],Plan to Watch,,0,0,[my_tags: null],0,0,0
10372,Kamisama Dolls,TV,13,0,0,,,[my_rated: null],0,[my_dvd: null],[my_storage: null],Plan to Watch,,0,0,[my_tags: null],0,0,0
14713,Kamisama Hajimemashita,TV,13,0,0,,,[my_rated: null],0,[my_dvd: null],[my_storage: null],Plan to Watch,,0,0,[my_tags: null],0,0,0
10568,Kamisama no Memochou,TV,12,0,0,,,[my_rated: null],0,[my_dvd: null],[my_storage: null],Plan to Watch,,0,0,[my_tags: null],0,0,0
19685,Kanojo ga Flag wo Oraretara,TV,13,0,0,,,[my_rated: null],0,[my_dvd: null],[my_storage: null],Plan to Watch,,0,0,[my_tags: null],0,0,0
27503,Karen Senki,ONA,11,0,0,,,[my_rated: null],0,[my_dvd: null],[my_storage: null],Dropped,,0,0,[my_tags: null],0,0,0
6594,Katanagatari,TV,12,0,0,,,[my_rated: null],0,[my_dvd: null],[my_storage: null],Plan to Watch,,0,0,[my_tags: null],0,0,0
6205,Kämpfer,TV,12,0,0,,,[my_rated: null],0,[my_dvd: null],[my_storage: null],On-Hold,,0,0,[my_tags: null],0,0,0
2602,Kenkou Zenrakei Suieibu Umishou,TV,13,0,0,,,[my_rated: null],0,[my_dvd: null],[my_storage: null],Plan to Watch,,0,0,[my_tags: null],0,0,0
33,Kenpuu Denki Berserk,TV,25,0,12,,,[my_rated: null],0,[my_dvd: null],[my_storage: null],Dropped,,0,0,[my_tags: null],0,0,0
21809,Kenzen Robo Daimidaler,TV,12,0,0,,,[my_rated: null],0,[my_dvd: null],[my_storage: null],Plan to Watch,,0,0,[my_tags: null],0,0,0
33244,Kiitarou Shounen no Youkai Enikki,TV,12,0,0,,,[my_rated: null],0,[my_dvd: null],[my_storage: null],Plan to Watch,,0,0,[my_tags: null],0,0,0
3229,Kimi ga Aruji de Shitsuji ga Ore de,TV,13,0,0,,,[my_rated: null],0,[my_dvd: null],[my_storage: null],Plan to Watch,,0,0,[my_tags: null],0,0,0
6045,Kimi ni Todoke,TV,25,0,0,,,[my_rated: null],0,[my_dvd: null],[my_storage: null],Plan to Watch,,0,0,[my_tags: null],0,0,0
10460,Kimi to Boku.,TV,13,0,0,,,[my_rated: null],0,[my_dvd: null],[my_storage: null],Plan to Watch,,0,0,[my_tags: null],0,0,0
12031,Kingdom,TV,38,0,0,,,[my_rated: null],0,[my_dvd: null],[my_storage: null],Plan to Watch,,0,0,[my_tags: null],0,0,0
7593,Kiss x Sis (TV),TV,12,0,0,,,[my_rated: null],0,[my_dvd: null],[my_storage: null],On-Hold,,0,0,[my_tags: null],0,0,0
34104,Knight's & Magic,TV,13,0,3,,,[my_rated: null],0,[my_dvd: null],[my_storage: null],On-Hold,,0,0,[my_tags: null],0,0,0
2403,Kodomo no Jikan (TV),TV,12,0,0,,,[my_rated: null],0,[my_dvd: null],[my_storage: null],Plan to Watch,,0,0,[my_tags: null],0,0,0
11887,Kokoro Connect,TV,13,0,0,,,[my_rated: null],0,[my_dvd: null],[my_storage: null],Plan to Watch,,0,0,[my_tags: null],0,0,0
10790,Kore wa Zombie Desu ka? of the Dead,TV,10,0,0,,,[my_rated: null],0,[my_dvd: null],[my_storage: null],Plan to Watch,,0,0,[my_tags: null],0,0,0
15379,Kotoura-san,TV,12,0,0,,,[my_rated: null],0,[my_dvd: null],[my_storage: null],Plan to Watch,,0,0,[my_tags: null],0,0,0
33118,Kuma Miko Specials,Special,2,0,1,,,[my_rated: null],0,[my_dvd: null],[my_storage: null],Watching,,0,0,[my_tags: null],0,0,0
433,Kumo no Mukou, Yakusoku no Basho,Movie,1,0,0,,,[my_rated: null],0,[my_dvd: null],[my_storage: null],Plan to Watch,,0,0,[my_tags: null],0,0,0
5079,Kurokami The Animation,TV,23,0,0,,,[my_rated: null],0,[my_dvd: null],[my_storage: null],Plan to Watch,,0,0,[my_tags: null],0,0,0
4898,Kuroshitsuji,TV,24,0,0,,,[my_rated: null],0,[my_dvd: null],[my_storage: null],Plan to Watch,,0,0,[my_tags: null],0,0,0
32949,Kuzu no Honkai,TV,12,0,0,,,[my_rated: null],0,[my_dvd: null],[my_storage: null],Plan to Watch,,0,0,[my_tags: null],0,0,0
18153,Kyoukai no Kanata,TV,12,0,0,,,[my_rated: null],0,[my_dvd: null],[my_storage: null],Plan to Watch,,0,0,[my_tags: null],0,0,0
10456,Kyoukaisenjou no Horizon,TV,13,0,0,,,[my_rated: null],0,[my_dvd: null],[my_storage: null],Plan to Watch,,0,0,[my_tags: null],0,0,0
97,Last Exile,TV,26,0,0,,,[my_rated: null],0,[my_dvd: null],[my_storage: null],Plan to Watch,,0,0,[my_tags: null],0,0,0
13655,Little Busters!,TV,26,0,0,,,[my_rated: null],0,[my_dvd: null],[my_storage: null],Plan to Watch,,0,0,[my_tags: null],0,0,0
14349,Little Witch Academia,Movie,1,0,0,,,[my_rated: null],0,[my_dvd: null],[my_storage: null],Dropped,,0,0,[my_tags: null],0,0,0
33197,Lostorage Incited WIXOSS,TV,12,0,0,,,[my_rated: null],0,[my_dvd: null],[my_storage: null],Plan to Watch,,0,0,[my_tags: null],0,0,0
2034,Lovely★Complex,TV,24,0,0,,,[my_rated: null],0,[my_dvd: null],[my_storage: null],Plan to Watch,,0,0,[my_tags: null],0,0,0
27947,Lupin III (2015),TV,24,0,1,,,[my_rated: null],0,[my_dvd: null],[my_storage: null],Dropped,,0,0,[my_tags: null],0,0,0
17247,Machine-Doll wa Kizutsukanai,TV,12,0,0,,,[my_rated: null],0,[my_dvd: null],[my_storage: null],Plan to Watch,,0,0,[my_tags: null],0,0,0
952,Magical Nyan Nyan Taruto,TV,12,0,0,,,[my_rated: null],0,[my_dvd: null],[my_storage: null],Dropped,,0,0,[my_tags: null],0,0,0
19769,Mahou Sensou,TV,12,0,0,,,[my_rated: null],0,[my_dvd: null],[my_storage: null],Plan to Watch,,0,0,[my_tags: null],0,0,0
9756,Mahou Shoujo Madoka★Magica,TV,12,0,0,,,[my_rated: null],0,[my_dvd: null],[my_storage: null],On-Hold,,0,0,[my_tags: null],0,0,0
33795,Mahou Shoujo Nante Mou Ii Desukara. Second Season,TV,12,0,2,,,[my_rated: null],0,[my_dvd: null],[my_storage: null],On-Hold,,0,0,[my_tags: null],0,0,0
23945,Majimoji Rurumo,TV,12,0,0,,,[my_rated: null],0,[my_dvd: null],[my_storage: null],Plan to Watch,,0,0,[my_tags: null],0,0,0
14833,Maoyuu Maou Yuusha,TV,12,0,0,,,[my_rated: null],0,[my_dvd: null],[my_storage: null],On-Hold,,0,0,[my_tags: null],0,0,0
10721,Mawaru Penguindrum,TV,24,0,0,,,[my_rated: null],0,[my_dvd: null],[my_storage: null],Plan to Watch,,0,0,[my_tags: null],0,0,0
10110,Mayo Chiki!,TV,13,0,0,,,[my_rated: null],0,[my_dvd: null],[my_storage: null],On-Hold,,0,0,[my_tags: null],0,0,0
7590,Mayoi Neko Overrun!,TV,13,0,0,,,[my_rated: null],0,[my_dvd: null],[my_storage: null],Plan to Watch,,0,0,[my_tags: null],0,0,0
11761,Medaka Box,TV,12,0,0,,,[my_rated: null],0,[my_dvd: null],[my_storage: null],Plan to Watch,,0,0,[my_tags: null],0,0,0
36563,Megalo Box,TV,13,0,1,,,[my_rated: null],0,[my_dvd: null],[my_storage: null],Watching,,0,0,[my_tags: null],0,0,0
21603,Mekakucity Actors,TV,12,0,0,,,[my_rated: null],0,[my_dvd: null],[my_storage: null],Plan to Watch,,0,0,[my_tags: null],0,0,0
35828,Miira no Kaikata,TV,12,0,4,,,[my_rated: null],0,[my_dvd: null],[my_storage: null],Watching,,0,0,[my_tags: null],0,0,0
8424,MM!,TV,12,0,0,,,[my_rated: null],0,[my_dvd: null],[my_storage: null],Plan to Watch,,0,0,[my_tags: null],0,0,0
3342,Mnemosyne: Mnemosyne no Musume-tachi,TV,6,0,0,,,[my_rated: null],0,[my_dvd: null],[my_storage: null],Plan to Watch,,0,0,[my_tags: null],0,0,0
30014,Momokuri,ONA,26,0,4,,,[my_rated: null],0,[my_dvd: null],[my_storage: null],Dropped,,0,0,[my_tags: null],0,0,0
23423,Mujaki no Rakuen,OVA,3,0,0,,,[my_rated: null],0,[my_dvd: null],[my_storage: null],Dropped,,0,0,[my_tags: null],0,0,0
709,Mujin Wakusei Survive,TV,52,0,0,,,[my_rated: null],0,[my_dvd: null],[my_storage: null],Plan to Watch,,0,0,[my_tags: null],0,0,0
33164,Musaigen no Phantom World: Limitless Phantom World,Special,7,0,1,,,[my_rated: null],6,[my_dvd: null],[my_storage: null],On-Hold,,0,0,[my_tags: null],0,0,0
17505,Mushibugyou,TV,26,0,0,,,[my_rated: null],0,[my_dvd: null],[my_storage: null],On-Hold,,0,0,[my_tags: null],0,0,0
457,Mushishi,TV,26,0,0,,,[my_rated: null],0,[my_dvd: null],[my_storage: null],Plan to Watch,,0,0,[my_tags: null],0,0,0
16067,Nagi no Asu kara,TV,26,0,0,,,[my_rated: null],0,[my_dvd: null],[my_storage: null],Plan to Watch,,0,0,[my_tags: null],0,0,0
36847,Nanatsu no Bitoku,TV,10,0,2,,,[my_rated: null],0,[my_dvd: null],[my_storage: null],Watching,,0,0,[my_tags: null],0,0,0
4081,Natsume Yuujinchou,TV,13,0,0,,,[my_rated: null],0,[my_dvd: null],[my_storage: null],Plan to Watch,,0,0,[my_tags: null],0,0,0
12467,Nazo no Kanojo X,TV,13,0,0,,,[my_rated: null],0,[my_dvd: null],[my_storage: null],Plan to Watch,,0,0,[my_tags: null],0,0,0
15689,Nekomonogatari: Kuro,TV,4,0,1,,,[my_rated: null],0,[my_dvd: null],[my_storage: null],Dropped,,0,0,[my_tags: null],0,0,0
1210,NHK ni Youkoso!,TV,24,0,0,,,[my_rated: null],0,[my_dvd: null],[my_storage: null],Plan to Watch,,0,0,[my_tags: null],0,0,0
10165,Nichijou,TV,26,0,0,,,[my_rated: null],0,[my_dvd: null],[my_storage: null],Plan to Watch,,0,0,[my_tags: null],0,0,0
23605,Ninja Slayer From Animation,ONA,26,0,0,,,[my_rated: null],0,[my_dvd: null],[my_storage: null],Dropped,,0,0,[my_tags: null],0,0,0
10161,No.6,TV,11,0,0,,,[my_rated: null],0,[my_dvd: null],[my_storage: null],Plan to Watch,,0,0,[my_tags: null],0,0,0
21177,Nobunaga the Fool,TV,24,0,0,,,[my_rated: null],0,[my_dvd: null],[my_storage: null],Plan to Watch,,0,0,[my_tags: null],0,0,0
272,Noir,TV,26,0,0,,,[my_rated: null],0,[my_dvd: null],[my_storage: null],Plan to Watch,,0,0,[my_tags: null],0,0,0
18095,Nourin,TV,12,0,0,,,[my_rated: null],0,[my_dvd: null],[my_storage: null],On-Hold,,0,0,[my_tags: null],0,0,0
7592,Nurarihyon no Mago,TV,24,0,0,,,[my_rated: null],0,[my_dvd: null],[my_storage: null],Plan to Watch,,0,0,[my_tags: null],0,0,0
6512,Nyan Koi!,TV,12,0,0,,,[my_rated: null],0,[my_dvd: null],[my_storage: null],Plan to Watch,,0,0,[my_tags: null],0,0,0
21557,Omoide no Marnie,Movie,1,0,0,,,[my_rated: null],0,[my_dvd: null],[my_storage: null],Plan to Watch,,0,0,[my_tags: null],0,0,0
21,One Piece,TV,0,0,4,,,[my_rated: null],0,[my_dvd: null],[my_storage: null],Watching,,0,0,[my_tags: null],0,0,0
20931,Oneechan ga Kita,TV,12,0,0,,,[my_rated: null],0,[my_dvd: null],[my_storage: null],Plan to Watch,,0,0,[my_tags: null],0,0,0
2966,Ookami to Koushinryou,TV,13,0,0,,,[my_rated: null],0,[my_dvd: null],[my_storage: null],Plan to Watch,,0,0,[my_tags: null],0,0,0
7769,Ookami-san to Shichinin no Nakama-tachi,TV,12,0,0,,,[my_rated: null],0,[my_dvd: null],[my_storage: null],Plan to Watch,,0,0,[my_tags: null],0,0,0
14749,Ore no Kanojo to Osananajimi ga Shuraba Sugiru,TV,13,0,0,,,[my_rated: null],0,[my_dvd: null],[my_storage: null],Plan to Watch,,0,0,[my_tags: null],0,0,0
9922,Oretachi ni Tsubasa wa Nai: Under the Innocent Sky.,TV,12,0,0,,,[my_rated: null],0,[my_dvd: null],[my_storage: null],Plan to Watch,,0,0,[my_tags: null],0,0,0
853,Ouran Koukou Host Club,TV,26,0,0,,,[my_rated: null],0,[my_dvd: null],[my_storage: null],Plan to Watch,,0,0,[my_tags: null],0,0,0
19369,Outbreak Company,TV,12,0,0,,,[my_rated: null],0,[my_dvd: null],[my_storage: null],Plan to Watch,,0,0,[my_tags: null],0,0,0
31181,Owarimonogatari,TV,12,0,0,,,[my_rated: null],0,[my_dvd: null],[my_storage: null],Plan to Watch,,0,0,[my_tags: null],0,0,0
8795,Panty & Stocking with Garterbelt,TV,13,0,0,,,[my_rated: null],0,[my_dvd: null],[my_storage: null],Plan to Watch,,0,0,[my_tags: null],0,0,0
36023,Persona 5 the Animation,TV,26,0,5,,,[my_rated: null],0,[my_dvd: null],[my_storage: null],Watching,,0,0,[my_tags: null],0,0,0
5682,Phantom: Requiem for the Phantom,TV,26,0,0,,,[my_rated: null],0,[my_dvd: null],[my_storage: null],Plan to Watch,,0,0,[my_tags: null],0,0,0
16397,Photokano,TV,13,0,0,,,[my_rated: null],0,[my_dvd: null],[my_storage: null],Plan to Watch,,0,0,[my_tags: null],0,0,0
10711,Plastic Neesan,ONA,12,0,1,,,[my_rated: null],0,[my_dvd: null],[my_storage: null],Plan to Watch,,0,0,[my_tags: null],0,0,0
35240,Princess Principal,TV,12,0,5,,,[my_rated: null],0,[my_dvd: null],[my_storage: null],Watching,,0,0,[my_tags: null],0,0,0
33926,Quanzhi Gaoshou,ONA,12,0,0,,,[my_rated: null],0,[my_dvd: null],[my_storage: null],Plan to Watch,,0,0,[my_tags: null],0,0,0
4719,Queen's Blade: Rurou no Senshi,TV,12,0,0,,,[my_rated: null],0,[my_dvd: null],[my_storage: null],Plan to Watch,,0,0,[my_tags: null],0,0,0
209,R.O.D: The TV,TV,26,0,0,,,[my_rated: null],0,[my_dvd: null],[my_storage: null],Plan to Watch,,0,0,[my_tags: null],0,0,0
6114,Rainbow: Nisha Rokubou no Shichinin,TV,26,0,0,,,[my_rated: null],0,[my_dvd: null],[my_storage: null],Plan to Watch,,0,0,[my_tags: null],0,0,0
8241,Rio: Rainbow Gate!,TV,13,0,0,,,[my_rated: null],0,[my_dvd: null],[my_storage: null],Plan to Watch,,0,0,[my_tags: null],0,0,0
10572,Ro-Kyu-Bu!,TV,12,0,0,,,[my_rated: null],0,[my_dvd: null],[my_storage: null],Plan to Watch,,0,0,[my_tags: null],0,0,0
1699,Romeo x Juliet,TV,24,0,0,,,[my_rated: null],0,[my_dvd: null],[my_storage: null],Plan to Watch,,0,0,[my_tags: null],0,0,0
4214,Rosario to Vampire Capu2,TV,13,0,0,,,[my_rated: null],0,[my_dvd: null],[my_storage: null],Plan to Watch,,0,0,[my_tags: null],0,0,0
21561,Ryuugajou Nanana no Maizoukin,TV,11,0,0,,,[my_rated: null],0,[my_dvd: null],[my_storage: null],Plan to Watch,,0,0,[my_tags: null],0,0,0
30727,Saenai Heroine no Sodatekata ♭,TV,11,0,2,,,[my_rated: null],0,[my_dvd: null],[my_storage: null],On-Hold,,0,0,[my_tags: null],0,0,0
33255,Saiki Kusuo no Ψ-nan,TV,120,0,74,,,[my_rated: null],0,[my_dvd: null],[my_storage: null],On-Hold,,0,0,[my_tags: null],0,0,0
17777,Saikin, Imouto no Yousu ga Chotto Okashiinda ga.,TV,12,0,0,,,[my_rated: null],0,[my_dvd: null],[my_storage: null],Plan to Watch,,0,0,[my_tags: null],0,0,0
12531,Sakamichi no Apollon,TV,12,0,0,,,[my_rated: null],0,[my_dvd: null],[my_storage: null],Plan to Watch,,0,0,[my_tags: null],0,0,0
20047,Sakura Trick,TV,12,0,0,,,[my_rated: null],0,[my_dvd: null],[my_storage: null],Plan to Watch,,0,0,[my_tags: null],0,0,0
11499,Sankarea,TV,12,0,0,,,[my_rated: null],0,[my_dvd: null],[my_storage: null],Plan to Watch,,0,0,[my_tags: null],0,0,0
7588,Saraiya Goyou,TV,12,0,0,,,[my_rated: null],0,[my_dvd: null],[my_storage: null],Plan to Watch,,0,0,[my_tags: null],0,0,0
24,School Rumble,TV,26,0,0,,,[my_rated: null],0,[my_dvd: null],[my_storage: null],Plan to Watch,,0,0,[my_tags: null],0,0,0
5909,Seitokai no Ichizon,TV,12,0,0,,,[my_rated: null],0,[my_dvd: null],[my_storage: null],Plan to Watch,,0,0,[my_tags: null],0,0,0
8675,Seitokai Yakuindomo,TV,13,0,0,,,[my_rated: null],0,[my_dvd: null],[my_storage: null],Plan to Watch,,0,0,[my_tags: null],0,0,0
24037,Selector Spread WIXOSS,TV,12,0,0,,,[my_rated: null],0,[my_dvd: null],[my_storage: null],Plan to Watch,,0,0,[my_tags: null],0,0,0
5355,Sengoku Basara,TV,12,0,0,,,[my_rated: null],0,[my_dvd: null],[my_storage: null],Plan to Watch,,0,0,[my_tags: null],0,0,0
28283,Sengoku Musou,TV,12,0,1,,,[my_rated: null],0,[my_dvd: null],[my_storage: null],Dropped,,0,0,[my_tags: null],0,0,0
11751,Senki Zesshou Symphogear,TV,13,0,0,,,[my_rated: null],0,[my_dvd: null],[my_storage: null],Plan to Watch,,0,0,[my_tags: null],0,0,0
17345,Senran Kagura Specials,Special,6,0,0,,,[my_rated: null],0,[my_dvd: null],[my_storage: null],On-Hold,,0,0,[my_tags: null],0,0,0
339,Serial Experiments Lain,TV,13,0,0,,,[my_rated: null],0,[my_dvd: null],[my_storage: null],Plan to Watch,,0,0,[my_tags: null],0,0,0
355,Shakugan no Shana,TV,24,0,0,,,[my_rated: null],0,[my_dvd: null],[my_storage: null],Plan to Watch,,0,0,[my_tags: null],0,0,0
33031,Shakunetsu no Takkyuu Musume,TV,12,0,0,,,[my_rated: null],0,[my_dvd: null],[my_storage: null],Plan to Watch,,0,0,[my_tags: null],0,0,0
23273,Shigatsu wa Kimi no Uso,TV,22,0,0,,,[my_rated: null],0,[my_dvd: null],[my_storage: null],On-Hold,,0,0,[my_tags: null],0,0,0
1559,Shijou Saikyou no Deshi Kenichi,TV,50,0,0,,,[my_rated: null],0,[my_dvd: null],[my_storage: null],Plan to Watch,,0,0,[my_tags: null],0,0,0
7662,Shinrei Tantei Yakumo,TV,13,0,0,,,[my_rated: null],0,[my_dvd: null],[my_storage: null],Plan to Watch,,0,0,[my_tags: null],0,0,0
2596,Shinreigari: Ghost Hound,TV,22,0,0,,,[my_rated: null],0,[my_dvd: null],[my_storage: null],Plan to Watch,,0,0,[my_tags: null],0,0,0
25835,Shirobako,TV,24,0,0,,,[my_rated: null],0,[my_dvd: null],[my_storage: null],Plan to Watch,,0,0,[my_tags: null],0,0,0
28625,Shisha no Teikoku,Movie,1,0,0,,,[my_rated: null],0,[my_dvd: null],[my_storage: null],Plan to Watch,,0,0,[my_tags: null],0,0,0
36949,Shokugeki no Souma: San no Sara - Toutsuki Ressha-hen,TV,12,0,5,,,[my_rated: null],0,[my_dvd: null],[my_storage: null],Watching,,0,0,[my_tags: null],0,0,0
2923,Shugo Chara!,TV,51,0,0,,,[my_rated: null],0,[my_dvd: null],[my_storage: null],Plan to Watch,,0,0,[my_tags: null],0,0,0
9863,SKET Dance,TV,77,0,0,,,[my_rated: null],0,[my_dvd: null],[my_storage: null],Plan to Watch,,0,0,[my_tags: null],0,0,0
4722,Skip Beat!,TV,25,0,0,,,[my_rated: null],0,[my_dvd: null],[my_storage: null],On-Hold,,0,0,[my_tags: null],0,0,0
10109,Softenni,TV,12,0,0,,,[my_rated: null],0,[my_dvd: null],[my_storage: null],Plan to Watch,,0,0,[my_tags: null],0,0,0
23209,Sora no Method,TV,13,0,0,,,[my_rated: null],0,[my_dvd: null],[my_storage: null],Plan to Watch,,0,0,[my_tags: null],0,0,0
35839,Sora yori mo Tooi Basho,TV,13,0,3,,,[my_rated: null],0,[my_dvd: null],[my_storage: null],Watching,,0,0,[my_tags: null],0,0,0
29163,Sore ga Seiyuu!,TV,13,0,0,,,[my_rated: null],0,[my_dvd: null],[my_storage: null],Plan to Watch,,0,0,[my_tags: null],0,0,0
17080,Soukyuu no Fafner: Dead Aggressor - Exodus,TV,13,0,1,,,[my_rated: null],0,[my_dvd: null],[my_storage: null],Dropped,,0,0,[my_tags: null],0,0,0
198,Speed Grapher,TV,24,0,0,,,[my_rated: null],0,[my_dvd: null],[my_storage: null],Plan to Watch,,0,0,[my_tags: null],0,0,0
30484,Steins;Gate 0,TV,23,0,2,,,[my_rated: null],0,[my_dvd: null],[my_storage: null],Watching,,0,0,[my_tags: null],0,0,0
2418,Stranger: Mukou Hadan,Movie,1,0,0,,,[my_rated: null],0,[my_dvd: null],[my_storage: null],Plan to Watch,,0,0,[my_tags: null],0,0,0
18277,Strike the Blood,TV,24,0,0,,,[my_rated: null],0,[my_dvd: null],[my_storage: null],On-Hold,,0,0,[my_tags: null],0,0,0
16524,Suisei no Gargantia,TV,13,0,0,,,[my_rated: null],0,[my_dvd: null],[my_storage: null],Plan to Watch,,0,0,[my_tags: null],0,0,0
14289,Sukitte Ii na yo.,TV,13,0,0,,,[my_rated: null],0,[my_dvd: null],[my_storage: null],Plan to Watch,,0,0,[my_tags: null],0,0,0
849,Suzumiya Haruhi no Yuuutsu,TV,14,0,0,,,[my_rated: null],0,[my_dvd: null],[my_storage: null],Plan to Watch,,0,0,[my_tags: null],0,0,0
4382,Suzumiya Haruhi no Yuuutsu (2009),TV,14,0,0,,,[my_rated: null],0,[my_dvd: null],[my_storage: null],Plan to Watch,,0,0,[my_tags: null],0,0,0
36475,Sword Art Online Alternative: Gun Gale Online,TV,12,0,7,,,[my_rated: null],0,[my_dvd: null],[my_storage: null],Watching,,0,0,[my_tags: null],0,0,0
36470,Tada-kun wa Koi wo Shinai,TV,13,0,0,,,[my_rated: null],0,[my_dvd: null],[my_storage: null],Plan to Watch,,0,0,[my_tags: null],0,0,0
7768,Tantei Opera Milky Holmes,TV,12,0,0,,,[my_rated: null],0,[my_dvd: null],[my_storage: null],Plan to Watch,,0,0,[my_tags: null],0,0,0
11341,Tantei Opera Milky Holmes Dai 2 Maku,TV,12,0,0,,,[my_rated: null],0,[my_dvd: null],[my_storage: null],Plan to Watch,,0,0,[my_tags: null],0,0,0
31486,Tantei Opera Milky Holmes Movie: Gyakushuu no Milky Holmes,Movie,1,0,0,,,[my_rated: null],0,[my_dvd: null],[my_storage: null],Dropped,,0,0,[my_tags: null],0,0,0
13333,Tari Tari,TV,13,0,0,,,[my_rated: null],0,[my_dvd: null],[my_storage: null],Plan to Watch,,0,0,[my_tags: null],0,0,0
12445,Tasogare Otome x Amnesia,TV,12,0,0,,,[my_rated: null],0,[my_dvd: null],[my_storage: null],Plan to Watch,,0,0,[my_tags: null],0,0,0
885,Tenshi no Tamago,OVA,1,0,0,,,[my_rated: null],0,[my_dvd: null],[my_storage: null],Plan to Watch,,0,0,[my_tags: null],0,0,0
26,Texhnolyze,TV,22,0,0,,,[my_rated: null],0,[my_dvd: null],[my_storage: null],Plan to Watch,,0,0,[my_tags: null],0,0,0
10278,The iDOLM@STER,TV,25,0,0,,,[my_rated: null],0,[my_dvd: null],[my_storage: null],Plan to Watch,,0,0,[my_tags: null],0,0,0
23587,The iDOLM@STER Cinderella Girls,TV,13,0,0,,,[my_rated: null],0,[my_dvd: null],[my_storage: null],Plan to Watch,,0,0,[my_tags: null],0,0,0
9941,Tiger & Bunny,TV,25,0,0,,,[my_rated: null],0,[my_dvd: null],[my_storage: null],Plan to Watch,,0,0,[my_tags: null],0,0,0
33341,Time Travel Shoujo: Mari Waka to 8-nin no Kagakusha-tachi,TV,12,0,6,,,[my_rated: null],0,[my_dvd: null],[my_storage: null],On-Hold,,0,0,[my_tags: null],0,0,0
31380,To LOVE-Ru Darkness 2nd OVA,OVA,3,0,1,,,[my_rated: null],0,[my_dvd: null],[my_storage: null],Watching,,0,0,[my_tags: null],0,0,0
19117,Toaru Hikuushi e no Koiuta,TV,13,0,0,,,[my_rated: null],0,[my_dvd: null],[my_storage: null],Plan to Watch,,0,0,[my_tags: null],0,0,0
6213,Toaru Kagaku no Railgun,TV,24,0,0,,,[my_rated: null],0,[my_dvd: null],[my_storage: null],Plan to Watch,,0,0,[my_tags: null],0,0,0
2236,Toki wo Kakeru Shoujo,Movie,1,0,0,,,[my_rated: null],0,[my_dvd: null],[my_storage: null],Plan to Watch,,0,0,[my_tags: null],0,0,0
21353,Tokyo ESP,TV,12,0,0,,,[my_rated: null],0,[my_dvd: null],[my_storage: null],Plan to Watch,,0,0,[my_tags: null],0,0,0
36511,Tokyo Ghoul:re,TV,12,0,2,,,[my_rated: null],0,[my_dvd: null],[my_storage: null],Watching,,0,0,[my_tags: null],0,0,0
759,Tokyo Godfathers,Movie,1,0,0,,,[my_rated: null],0,[my_dvd: null],[my_storage: null],Plan to Watch,,0,0,[my_tags: null],0,0,0
6211,Tokyo Magnitude 8.0,TV,11,0,0,,,[my_rated: null],0,[my_dvd: null],[my_storage: null],Plan to Watch,,0,0,[my_tags: null],0,0,0
1860,Tokyo Majin Gakuen Kenpucho: Tou,TV,14,0,0,,,[my_rated: null],0,[my_dvd: null],[my_storage: null],Plan to Watch,,0,0,[my_tags: null],0,0,0
16011,Tokyo Ravens,TV,24,0,0,,,[my_rated: null],0,[my_dvd: null],[my_storage: null],Plan to Watch,,0,0,[my_tags: null],0,0,0
1218,Tonagura!,TV,13,0,0,,,[my_rated: null],0,[my_dvd: null],[my_storage: null],Plan to Watch,,0,0,[my_tags: null],0,0,0
14227,Tonari no Kaibutsu-kun,TV,13,0,0,,,[my_rated: null],0,[my_dvd: null],[my_storage: null],Plan to Watch,,0,0,[my_tags: null],0,0,0
6,Trigun,TV,26,0,0,,,[my_rated: null],0,[my_dvd: null],[my_storage: null],Plan to Watch,,0,0,[my_tags: null],0,0,0
34822,Tsuki ga Kirei,TV,12,0,0,,,[my_rated: null],0,[my_dvd: null],[my_storage: null],Plan to Watch,,0,0,[my_tags: null],0,0,0
17909,Uchouten Kazoku,TV,13,0,0,,,[my_rated: null],0,[my_dvd: null],[my_storage: null],Plan to Watch,,0,0,[my_tags: null],0,0,0
12431,Uchuu Kyoudai,TV,99,0,0,,,[my_rated: null],0,[my_dvd: null],[my_storage: null],Plan to Watch,,0,0,[my_tags: null],0,0,0
32673,Udon no Kuni no Kiniro Kemari,TV,12,0,0,,,[my_rated: null],0,[my_dvd: null],[my_storage: null],Plan to Watch,,0,0,[my_tags: null],0,0,0
354,UG☆Ultimate Girls,TV,12,0,0,,,[my_rated: null],0,[my_dvd: null],[my_storage: null],Plan to Watch,,0,0,[my_tags: null],0,0,0
12317,Upotte!!,ONA,10,0,0,,,[my_rated: null],0,[my_dvd: null],[my_storage: null],Dropped,,0,0,[my_tags: null],0,0,0
10321,Uta no☆Prince-sama♪ Maji Love 1000%,TV,13,0,0,,,[my_rated: null],0,[my_dvd: null],[my_storage: null],Plan to Watch,,0,0,[my_tags: null],0,0,0
856,Utawarerumono,TV,26,0,0,,,[my_rated: null],0,[my_dvd: null],[my_storage: null],Dropped,,0,0,[my_tags: null],0,0,0
28929,Vampire Holmes,TV,12,0,1,,,[my_rated: null],0,[my_dvd: null],[my_storage: null],Dropped,,0,0,[my_tags: null],0,0,0
3457,Vampire Knight,TV,13,0,0,,,[my_rated: null],0,[my_dvd: null],[my_storage: null],Plan to Watch,,0,0,[my_tags: null],0,0,0
33589,ViVid Strike!,TV,12,0,0,,,[my_rated: null],0,[my_dvd: null],[my_storage: null],Plan to Watch,,0,0,[my_tags: null],0,0,0
14283,Vividred Operation,TV,12,0,0,,,[my_rated: null],0,[my_dvd: null],[my_storage: null],Plan to Watch,,0,0,[my_tags: null],0,0,0
4720,White Album,TV,13,0,0,,,[my_rated: null],0,[my_dvd: null],[my_storage: null],Plan to Watch,,0,0,[my_tags: null],0,0,0
21085,Witch Craft Works,TV,12,0,0,,,[my_rated: null],0,[my_dvd: null],[my_storage: null],Plan to Watch,,0,0,[my_tags: null],0,0,0
202,Wolf's Rain,TV,26,0,0,,,[my_rated: null],0,[my_dvd: null],[my_storage: null],Plan to Watch,,0,0,[my_tags: null],0,0,0
33094,WWW.Working!!,TV,13,0,0,,,[my_rated: null],0,[my_dvd: null],[my_storage: null],Plan to Watch,,0,0,[my_tags: null],0,0,0
861,xxxHOLiC,TV,24,0,0,,,[my_rated: null],0,[my_dvd: null],[my_storage: null],Plan to Watch,,0,0,[my_tags: null],0,0,0
7785,Yojouhan Shinwa Taikei,TV,11,0,0,,,[my_rated: null],0,[my_dvd: null],[my_storage: null],Plan to Watch,,0,0,[my_tags: null],0,0,0
10216,Yondemasu yo, Azazel-san. (TV),TV,13,0,0,,,[my_rated: null],0,[my_dvd: null],[my_storage: null],Plan to Watch,,0,0,[my_tags: null],0,0,0
35220,Youkai Apartment no Yuuga na Nichijou,TV,26,0,7,,,[my_rated: null],0,[my_dvd: null],[my_storage: null],Watching,,0,0,[my_tags: null],0,0,0
35507,Youkoso Jitsuryoku Shijou Shugi no Kyoushitsu e,TV,12,0,0,,,[my_rated: null],0,[my_dvd: null],[my_storage: null],Plan to Watch,,0,0,[my_tags: null],0,0,0
18179,Yowamushi Pedal,TV,38,0,0,,,[my_rated: null],0,[my_dvd: null],[my_storage: null],Plan to Watch,,0,0,[my_tags: null],0,0,0
10495,Yuru Yuri,TV,12,0,0,,,[my_rated: null],0,[my_dvd: null],[my_storage: null],Plan to Watch,,0,0,[my_tags: null],0,0,0
25519,Yuuki Yuuna wa Yuusha de Aru,TV,12,0,0,,,[my_rated: null],0,[my_dvd: null],[my_storage: null],On-Hold,,0,0,[my_tags: null],0,0,0
15911,Yuyushiki,TV,12,0,0,,,[my_rated: null],0,[my_dvd: null],[my_storage: null],Plan to Watch,,0,0,[my_tags: null],0,0,0
1195,Zero no Tsukaima,TV,13,0,0,,,[my_rated: null],0,[my_dvd: null],[my_storage: null],Plan to Watch,,0,0,[my_tags: null],0,0,0
